iata_code,municipality,country
AAF,Apalachicola,United States of America
ABE,Allentown,United States of America
ABI,Abilene,United States of America
ABL,Ambler,United States of America
ABQ,Albuquerque,United States of America
ABR,Aberdeen,United States of America
ABY,Albany,United States of America
ACB,Bellaire,United States of America
ACK,Nantucket,United States of America
ACT,Waco,United States of America
ACV,Arcata/Eureka,United States of America
ACY,Atlantic City,United States of America
ADG,Adrian,United States of America
ADK,Adak,United States of America
ADM,Ardmore,United States of America
ADQ,Kodiak,United States of America
ADR,Andrews,United States of America
ADS,Dallas,United States of America
ADT,Ada,United States of America
ADW,Camp Springs,United States of America
AEL,Albert Lea,United States of America
AET,Allakaket,United States of America
AEX,Alexandria,United States of America
AFF,Colorado Springs,United States of America
AFN,Jaffrey,United States of America
AFO,Afton,United States of America
AFW,Fort Worth,United States of America
AGC,Pittsburgh,United States of America
AGO,Magnolia,United States of America
AGS,Augusta,United States of America
AHC,Herlong,United States of America
AHD,Ardmore,United States of America
AHF,Arapahoe,United States of America
AHH,Amery,United States of America
AHM,Ashland,United States of America
AHN,Athens,United States of America
AIA,Alliance,United States of America
AID,Anderson,United States of America
AIK,Aiken,United States of America
AIN,Wainwright,United States of America
AIO,Atlantic,United States of America
AIV,Aliceville,United States of America
AIZ,Kaiser Lake Ozark,United States of America
AKB,Atka,United States of America
AKC,Akron,United States of America
AKI,Akiak,United States of America
AKK,Akhiok,United States of America
AKN,King Salmon,United States of America
AKO,Akron,United States of America
AKP,Anaktuvuk Pass,United States of America
ALB,Albany,United States of America
ALE,Alpine,United States of America
ALI,Alice,United States of America
ALM,Alamogordo,United States of America
ALN,Alton/St Louis,United States of America
ALO,Waterloo,United States of America
ALS,Alamosa,United States of America
ALW,Walla Walla,United States of America
ALX,Alexander City,United States of America
AMA,Amarillo,United States of America
AMK,Durango,United States of America
AMN,Alma,United States of America
AMW,Ames,United States of America
ANB,Anniston,United States of America
ANC,Anchorage,United States of America
AND,Anderson,United States of America
ANI,Aniak,United States of America
ANN,Metlakatla,United States of America
ANP,Annapolis,United States of America
ANQ,Angola,United States of America
ANV,Anvik,United States of America
ANW,Ainsworth,United States of America
ANY,Anthony,United States of America
AOH,Lima,United States of America
AOO,Altoona,United States of America
APA,Denver,United States of America
APC,Napa,United States of America
APF,Naples,United States of America
APG,Aberdeen,United States of America
APH,Bowling Green,United States of America
APN,Alpena,United States of America
APT,Jasper,United States of America
APV,Apple Valley,United States of America
AQY,Girdwood,United States of America
ARA,New Iberia,United States of America
ARB,Ann Arbor,United States of America
ARC,Arctic Village,United States of America
ARG,Walnut Ridge,United States of America
ART,Watertown,United States of America
ARV,Woodruff,United States of America
ASE,Aspen,United States of America
ASH,Nashua,United States of America
ASL,Marshall,United States of America
ASN,Talladega,United States of America
ASQ,Austin,United States of America
AST,Astoria,United States of America
ASX,Ashland,United States of America
ASY,Ashley,United States of America
ATE,Antlers,United States of America
ATK,Atqasuk,United States of America
ATL,Atlanta,United States of America
ATO,Albany,United States of America
ATS,Artesia,United States of America
ATT,Atmautluak,United States of America
ATW,Appleton,United States of America
ATY,Watertown,United States of America
AUG,Augusta,United States of America
AUK,Alakanuk,United States of America
AUM,Austin,United States of America
AUN,Auburn,United States of America
AUO,Auburn,United States of America
AUS,Austin,United States of America
AUW,Wausau,United States of America
AUZ,Chicago/Aurora,United States of America
AVL,Asheville,United States of America
AVO,Avon Park,United States of America
AVP,Wilkes-Barre/Scranton,United States of America
AVW,Marana,United States of America
AVX,Avalon,United States of America
AWM,West Memphis,United States of America
AXB,Alexandria Bay,United States of America
AXG,Algona,United States of America
AXN,Alexandria,United States of America
AXS,Altus,United States of America
AXV,Wapakoneta,United States of America
AXX,Angel Fire,United States of America
AYS,Waycross,United States of America
AZA,Mesa,United States of America
AZO,Kalamazoo,United States of America
BAB,Beale Air Force Base,United States of America
BAD,Bossier City,United States of America
BAF,Westfield,United States of America
BAM,Battle Mountain,United States of America
BBB,Benson,United States of America
BBC,Bay City,United States of America
BBD,Brady,United States of America
BBW,Broken Bow,United States of America
BBX,Philadelphia,United States of America
BCB,Blacksburg,United States of America
BCC,Bear Creek,United States of America
BCE,Bryce Canyon,United States of America
BCS,Belle Chasse,United States of America
BCT,Boca Raton,United States of America
BDE,Baudette,United States of America
BDF,Bradford,United States of America
BDG,Blanding,United States of America
BDL,Hartford,United States of America
BDR,Bridgeport,United States of America
BDX,Broadus,United States of America
BDY,Bandon,United States of America
BEC,Wichita,United States of America
BED,Bedford,United States of America
BEH,Benton Harbor,United States of America
BET,Bethel,United States of America
BFD,Bradford,United States of America
BFF,Scottsbluff,United States of America
BFG,Bullfrog,United States of America
BFI,Seattle,United States of America
BFK,Aurora,United States of America
BFL,Bakersfield,United States of America
BFM,Mobile,United States of America
BFP,Beaver Falls,United States of America
BFR,Bedford,United States of America
BFT,Beaufort,United States of America
BGD,Borger,United States of America
BGE,Bainbridge,United States of America
BGM,Binghamton,United States of America
BGQ,Big Lake,United States of America
BGR,Bangor,United States of America
BGT,Bagdad,United States of America
BHB,Bar Harbor,United States of America
BHM,Birmingham,United States of America
BID,Block Island,United States of America
BIE,Beatrice,United States of America
BIF,Fort Bliss/El Paso,United States of America
BIG,Delta Junction Ft Greely,United States of America
BIH,Bishop,United States of America
BIL,Billings,United States of America
BIS,Bismarck,United States of America
BIX,Biloxi,United States of America
BJC,Denver,United States of America
BJI,Bemidji,United States of America
BJJ,Wooster,United States of America
BKC,Buckland,United States of America
BKD,Breckenridge,United States of America
BKE,Baker City,United States of America
BKG,Branson,United States of America
BKH,Kekaha,United States of America
BKL,Cleveland,United States of America
BKT,Blackstone,United States of America
BKW,Beaver,United States of America
BKX,Brookings,United States of America
BLD,Boulder City,United States of America
BLF,Bluefield,United States of America
BLH,Blythe,United States of America
BLI,Bellingham,United States of America
BLM,Belmar/Farmingdale,United States of America
BLU,Emigrant Gap,United States of America
BLV,Belleville,United States of America
BMC,Brigham City,United States of America
BMG,Bloomington,United States of America
BMI,Bloomington/Normal,United States of America
BML,Berlin,United States of America
BMT,Beaumont,United States of America
BMX,Big Mountain,United States of America
BNA,Nashville,United States of America
BNG,Banning,United States of America
BNL,Barnwell,United States of America
BNO,Burns,United States of America
BNW,Boone,United States of America
BOI,Boise,United States of America
BOK,Brookings,United States of America
BOS,Boston,United States of America
BOW,Bartow,United States of America
BPI,Big Piney,United States of America
BPT,Beaumont/Port Arthur,United States of America
BQK,Brunswick,United States of America
BRD,Brainerd,United States of America
BRL,Burlington,United States of America
BRO,Brownsville,United States of America
BRW,UtqiaÄ¡vik,United States of America
BRY,Bardstown,United States of America
BSF,Waimea (Kamuela),United States of America
BSQ,Bisbee,United States of America
BSW,Boswell Bay,United States of America
BTF,Bountiful,United States of America
BTI,Barter Island,United States of America
BTL,Battle Creek,United States of America
BTM,Butte,United States of America
BTN,Bennettsville,United States of America
BTP,Butler,United States of America
BTR,Baton Rouge,United States of America
BTT,Bettles,United States of America
BTV,South Burlington,United States of America
BTY,Beatty,United States of America
BUB,Burwell,United States of America
BUF,Buffalo,United States of America
BUM,Butler,United States of America
BUR,Burbank,United States of America
BVO,Bartlesville,United States of America
BVU,Beluga,United States of America
BVX,Batesville,United States of America
BVY,Beverly / Danvers,United States of America
BWC,Brawley,United States of America
BWD,Brownwood,United States of America
BWG,Bowling Green,United States of America
BWI,Baltimore,United States of America
BWL,Blackwell,United States of America
BWM,Bowman,United States of America
BXA,Bogalusa,United States of America
BXK,Buckeye,United States of America
BXS,Borrego Springs,United States of America
BYA,Boundary,United States of America
BYG,Buffalo,United States of America
BYH,Blytheville,United States of America
BYI,Burley,United States of America
BYS,Fort Irwin/Barstow,United States of America
BYW,Blakely Island,United States of America
BZF,Redding,United States of America
BZN,Bozeman,United States of America
BZT,Brazoria,United States of America
CAD,Cadillac,United States of America
CAE,Columbia,United States of America
CAK,Akron,United States of America
CAO,Clayton,United States of America
CAR,Caribou,United States of America
CBE,Wiley Ford,United States of America
CBF,Council Bluffs,United States of America
CBK,Colby,United States of America
CBM,Columbus,United States of America
CCB,Upland,United States of America
CCG,Crane,United States of America
CCR,Concord,United States of America
CCY,Charles City,United States of America
CDB,Cold Bay,United States of America
CDC,Cedar City,United States of America
CDH,Camden,United States of America
CDL,Candle,United States of America
CDN,Camden,United States of America
CDR,Chadron,United States of America
CDS,Childress,United States of America
CDV,Cordova,United States of America
CDW,Caldwell,United States of America
CEA,Wichita,United States of America
CEC,Crescent City,United States of America
CEF,Chicopee,United States of America
CEM,Central,United States of America
CEU,Clemson,United States of America
CEV,Connersville,United States of America
CEW,Crestview,United States of America
CEX,Chena Hot Springs,United States of America
CEY,Murray,United States of America
CEZ,Cortez,United States of America
CFD,Bryan,United States of America
CFT,Clifton,United States of America
CFV,Coffeyville,United States of America
CGE,Cambridge,United States of America
CGF,Cleveland,United States of America
CGI,Cape Girardeau,United States of America
CGS,College Park,United States of America
CGZ,Casa Grande,United States of America
CHA,Chattanooga,United States of America
CHK,Chickasha,United States of America
CHL,Challis,United States of America
CHO,Charlottesville,United States of America
CHP,Circle Hot Springs,United States of America
CHS,Charleston,United States of America
CHU,Chuathbaluk,United States of America
CHZ,Chiloquin,United States of America
CIC,Chico,United States of America
CID,Cedar Rapids,United States of America
CIG,Craig,United States of America
CIK,Chalkyitsik,United States of America
CIL,Council,United States of America
CIN,Carroll,United States of America
CIR,Cairo,United States of America
CIU,Kincheloe,United States of America
CKA,Cherokee,United States of America
CKB,Bridgeport,United States of America
CKD,Crooked Creek,United States of America
CKE,Lakeport,United States of America
CKK,Ash Flat,United States of America
CKM,Clarksdale,United States of America
CKN,Crookston,United States of America
CKR,Crane Island,United States of America
CKU,Cordova,United States of America
CKV,Clarksville,United States of America
CKX,Chicken,United States of America
CLD,Carlsbad,United States of America
CLE,Cleveland,United States of America
CLG,Coalinga,United States of America
CLI,Clintonville,United States of America
CLK,Clinton,United States of America
CLL,College Station,United States of America
CLM,Port Angeles,United States of America
CLP,Clarks Point,United States of America
CLR,Calipatria,United States of America
CLS,Chehalis,United States of America
CLT,Charlotte,United States of America
CLU,Columbus,United States of America
CLW,Clearwater,United States of America
CMH,Columbus,United States of America
CMI,Savoy,United States of America
CMX,Hancock,United States of America
CMY,Sparta,United States of America
CNE,Penrose,United States of America
CNH,Claremont,United States of America
CNK,Concordia,United States of America
CNM,Carlsbad,United States of America
CNO,Chino,United States of America
CNU,Chanute,United States of America
CNW,Waco,United States of America
CNY,Moab,United States of America
COA,Columbia,United States of America
COD,Cody,United States of America
COE,Coeur d'Alene,United States of America
COF,Cocoa Beach,United States of America
COI,Merritt Island,United States of America
COM,Coleman,United States of America
CON,Concord,United States of America
COP,Cooperstown,United States of America
COS,Colorado Springs,United States of America
COT,Cotulla,United States of America
COU,Columbia,United States of America
CPM,Compton,United States of America
CPR,Casper,United States of America
CPS,Cahokia/St Louis,United States of America
CRE,North Myrtle Beach,United States of America
CRG,Jacksonville,United States of America
CRO,Corcoran,United States of America
CRP,Corpus Christi,United States of America
CRS,Corsicana,United States of America
CRT,Crossett,United States of America
CRW,Charleston,United States of America
CRX,Corinth,United States of America
CSE,Crested Butte,United States of America
CSG,Columbus,United States of America
CSM,Clinton,United States of America
CSN,Carson City,United States of America
CSQ,Creston,United States of America
CSV,Crossville,United States of America
CTB,Cut Bank,United States of America
CTH,Coatesville,United States of America
CTK,Canton,United States of America
CTO,Calverton,United States of America
CTX,Cortland,United States of America
CTY,Cross City,United States of America
CTZ,Clinton,United States of America
CUB,Columbia,United States of America
CUH,Cushing,United States of America
CVG,Cincinnati / Covington,United States of America
CVN,Clovis,United States of America
CVO,Corvallis,United States of America
CVS,Clovis,United States of America
CWA,Mosinee,United States of America
CWF,Lake Charles,United States of America
CWI,Clinton,United States of America
CWS,Center Island,United States of America
CWX,Willcox,United States of America
CXC,Chitina,United States of America
CXF,Coldfoot,United States of America
CXL,Calexico,United States of America
CXO,Houston,United States of America
CYF,Chefornak,United States of America
CYS,Cheyenne,United States of America
CYT,Yakataga,United States of America
CZC,Copper Center,United States of America
CZF,Cape Romanzof,United States of America
CZK,Cascade Locks,United States of America
CZN,Chisana,United States of America
CZO,Chistochina,United States of America
CZT,Carrizo Springs,United States of America
DAA,Fort Belvoir,United States of America
DAB,Daytona Beach,United States of America
DAG,Daggett,United States of America
DAL,Dallas,United States of America
DAN,Danville,United States of America
DAY,Dayton,United States of America
DBN,Dublin,United States of America
DBQ,Dubuque,United States of America
DBS,Dubois,United States of America
DCA,Washington,United States of America
DCK,Dahl Creek,United States of America
DCU,Decatur,United States of America
DDC,Dodge City,United States of America
DEC,Decatur,United States of America
DEH,Decorah,United States of America
DEN,Denver,United States of America
DET,Detroit,United States of America
DFI,Defiance,United States of America
DFW,Dallas-Fort Worth,United States of America
DGL,Douglas,United States of America
DGN,Dahlgren,United States of America
DGW,Douglas,United States of America
DHN,Dothan,United States of America
DHT,Dalhart,United States of America
DIK,Dickinson,United States of America
DJN,Delta Junction,United States of America
DKK,Dunkirk,United States of America
DLF,Del Rio,United States of America
DLG,Dillingham,United States of America
DLH,Duluth,United States of America
DLL,Dillon,United States of America
DLN,Dillon,United States of America
DLS,Dallesport / The Dalles,United States of America
DMA,Tucson,United States of America
DMN,Deming,United States of America
DMO,Sedalia,United States of America
DNL,Augusta,United States of America
DNN,Dalton,United States of America
DNS,Denison,United States of America
DNV,Danville,United States of America
DOV,Dover,United States of America
DPA,Chicago/West Chicago,United States of America
DPG,Dugway Proving Ground,United States of America
DRA,Mercury,United States of America
DRE,Drummond Island,United States of America
DRF,Kenai,United States of America
DRG,Deering,United States of America
DRI,DeRidder,United States of America
DRO,Durango,United States of America
DRT,Del Rio,United States of America
DRU,Drummond,United States of America
DSI,Destin,United States of America
DSM,Des Moines,United States of America
DSV,Dansville,United States of America
DTA,Delta,United States of America
DTH,Death Valley,United States of America
DTL,Detroit Lakes,United States of America
DTN,Shreveport,United States of America
DTR,Decatur,United States of America
DTW,Detroit,United States of America
DUA,Durant,United States of America
DUC,Duncan,United States of America
DUF,Corolla,United States of America
DUG,Douglas Bisbee,United States of America
DUJ,Dubois,United States of America
DUT,Unalaska,United States of America
DVL,Devils Lake,United States of America
DVN,Davenport,United States of America
DVT,Phoenix,United States of America
DWH,Houston,United States of America
DXE,Madison,United States of America
DXR,Danbury,United States of America
DYL,Doylestown,United States of America
DYS,Abilene,United States of America
EAA,Eagle,United States of America
EAN,Wheatland,United States of America
EAR,Kearney,United States of America
EAT,Wenatchee,United States of America
EAU,Eau Claire,United States of America
EBS,Webster City,United States of America
ECA,East Tawas,United States of America
ECG,Elizabeth City,United States of America
ECP,Panama City Beach,United States of America
ECS,Newcastle,United States of America
EDE,Edenton,United States of America
EDF,Anchorage,United States of America
EDK,El Dorado,United States of America
EDW,Edwards,United States of America
EED,Needles,United States of America
EEK,Eek,United States of America
EEN,Keene,United States of America
EFD,Houston,United States of America
EFK,Newport,United States of America
EFW,Jefferson,United States of America
EGE,Eagle,United States of America
EGI,Crestview,United States of America
EGP,Eagle Pass,United States of America
EGV,Eagle River,United States of America
EGX,Egegik,United States of America
EHM,Cape Newenham,United States of America
EIL,Fairbanks,United States of America
EKA,Eureka,United States of America
EKI,Elkhart,United States of America
EKN,Elkins,United States of America
EKO,Elko,United States of America
EKX,Elizabethtown,United States of America
ELA,Eagle Lake,United States of America
ELD,El Dorado,United States of America
ELI,Elim,United States of America
ELK,Elk City,United States of America
ELM,Elmira/Corning,United States of America
ELN,Ellensburg,United States of America
ELP,El Paso,United States of America
ELY,Ely,United States of America
ELZ,Wellsville,United States of America
EMK,Emmonak,United States of America
EMM,Kemmerer,United States of America
EMP,Emporia,United States of America
EMT,El Monte,United States of America
ENA,Kenai,United States of America
END,Enid,United States of America
ENL,Centralia,United States of America
ENN,Nenana,United States of America
ENV,Wendover,United States of America
ENW,Kenosha,United States of America
EOK,Keokuk,United States of America
EPG,Weeping Water,United States of America
EPH,Ephrata,United States of America
ERI,Erie,United States of America
ERR,Errol,United States of America
ERV,Kerrville,United States of America
ESC,Escanaba,United States of America
ESD,Eastsound,United States of America
ESF,Alexandria,United States of America
ESN,Easton,United States of America
ESO,Espanola,United States of America
EST,Estherville,United States of America
ESW,Easton,United States of America
ETB,West Bend,United States of America
ETN,Eastland,United States of America
ETS,Enterprise,United States of America
EUE,Eureka,United States of America
EUF,Eufaula,United States of America
EUG,Eugene,United States of America
EVM,Eveleth,United States of America
EVV,Evansville,United States of America
EVW,Evanston,United States of America
EWB,New Bedford,United States of America
EWK,Newton,United States of America
EWN,New Bern,United States of America
EWR,Newark,United States of America
EYR,Yerington,United States of America
EYW,Key West,United States of America
FAF,Newport News (Fort Eustis),United States of America
FAI,Fairbanks,United States of America
FAM,Farmington,United States of America
FAR,Fargo,United States of America
FAT,Fresno,United States of America
FAY,Fayetteville,United States of America
FBG,Fort Bragg,United States of America
FBK,Fairbanks,United States of America
FBL,Faribault,United States of America
FBR,Fort Bridger,United States of America
FBY,Fairbury,United States of America
FCA,Kalispell,United States of America
FCH,Fresno,United States of America
FCM,Minneapolis,United States of America
FCS,Fort Carson,United States of America
FCY,Forrest City,United States of America
FDK,Frederick,United States of America
FDR,Frederick,United States of America
FDY,Findlay,United States of America
FEP,Freeport,United States of America
FET,Fremont,United States of America
FFA,Kill Devil Hills,United States of America
FFL,Fairfield,United States of America
FFM,Fergus Falls,United States of America
FFO,Dayton,United States of America
FFT,Frankfort,United States of America
FHU,Fort Huachuca / Sierra Vista,United States of America
FID,Fishers Island,United States of America
FIL,Fillmore,United States of America
FKL,Franklin,United States of America
FKN,Franklin,United States of America
FLD,Fond du Lac,United States of America
FLG,Flagstaff,United States of America
FLL,Fort Lauderdale,United States of America
FLO,Florence,United States of America
FLP,Flippin,United States of America
FLT,Flat,United States of America
FLV,Fort Leavenworth,United States of America
FLX,Fallon,United States of America
FME,Fort Meade(Odenton),United States of America
FMH,Falmouth,United States of America
FMN,Farmington,United States of America
FMS,Fort Madison,United States of America
FMU,Florence,United States of America
FMY,Fort Myers,United States of America
FNL,Loveland,United States of America
FNT,Flint,United States of America
FOB,Fort Bragg,United States of America
FOD,Fort Dodge,United States of America
FOE,Topeka,United States of America
FOK,Westhampton Beach,United States of America
FPR,Fort Pierce,United States of America
FPY,Perry,United States of America
FRD,Friday Harbor,United States of America
FRG,Farmingdale,United States of America
FRH,French Lick,United States of America
FRI,Fort Riley (Junction City),United States of America
FRM,Fairmont,United States of America
FRR,Front Royal,United States of America
FRY,Fryeburg,United States of America
FSD,Sioux Falls,United States of America
FSI,Fort Sill,United States of America
FSK,Fort Scott,United States of America
FSM,Fort Smith,United States of America
FST,Fort Stockton,United States of America
FSU,Fort Sumner,United States of America
FTK,Fort Knox,United States of America
FTW,Fort Worth,United States of America
FTY,Atlanta,United States of America
FUL,Fullerton,United States of America
FWA,Fort Wayne,United States of America
FWH,Fort Worth,United States of America
FWL,Farewell,United States of America
FXE,Fort Lauderdale,United States of America
FXY,Forest City,United States of America
FYM,Fayetteville,United States of America
FYU,Fort Yukon,United States of America
FYV,Fayetteville,United States of America
GAB,Gabbs,United States of America
GAD,Gadsden,United States of America
GAG,Gage,United States of America
GAI,Gaithersburg,United States of America
GAL,Galena,United States of America
GAM,Gambell,United States of America
GBD,Great Bend,United States of America
GBG,Galesburg,United States of America
GBH,Galbraith Lake,United States of America
GBR,Great Barrington,United States of America
GCC,Gillette,United States of America
GCD,Electric City,United States of America
GCK,Garden City,United States of America
GCN,Grand Canyon - Tusayan,United States of America
GCT,Littlefield,United States of America
GCW,Peach Springs,United States of America
GCY,Greeneville,United States of America
GDC,Greenville,United States of America
GDM,Gardner,United States of America
GDV,Glendive,United States of America
GDW,Gladwin,United States of America
GED,Georgetown,United States of America
GEG,Spokane,United States of America
GEY,Greybull,United States of America
GFD,Greenfield,United States of America
GFK,Grand Forks,United States of America
GFL,Glens Falls,United States of America
GGE,Georgetown,United States of America
GGG,Longview,United States of America
GGW,Glasgow,United States of America
GHM,Centerville,United States of America
GIF,Winter Haven,United States of America
GJT,Grand Junction,United States of America
GKN,Gulkana,United States of America
GKT,Sevierville,United States of America
GLB,Globe,United States of America
GLD,Goodland,United States of America
GLE,Gainesville,United States of America
GLH,Greenville,United States of America
GLR,Gaylord,United States of America
GLS,Galveston,United States of America
GLV,Golovin,United States of America
GLW,Glasgow,United States of America
GMT,Granite Mountain,United States of America
GMU,Greenville,United States of America
GMV,Oljato-Monument Valley,United States of America
GNF,Quincy,United States of America
GNG,Gooding,United States of America
GNT,Grants,United States of America
GNU,Goodnews,United States of America
GNV,Gainesville,United States of America
GOK,Guthrie,United States of America
GOL,Gold Beach,United States of America
GON,Groton,United States of America
GPT,Gulfport,United States of America
GPZ,Grand Rapids,United States of America
GQQ,Galion,United States of America
GRB,Green Bay,United States of America
GRD,Greenwood,United States of America
GRE,Greenville,United States of America
GRF,Fort Lewis/Tacoma,United States of America
GRI,Grand Island,United States of America
GRK,Fort Cavazos,United States of America
GRM,Grand Marais,United States of America
GRN,Gordon,United States of America
GRR,Grand Rapids,United States of America
GSB,Goldsboro,United States of America
GSH,Goshen,United States of America
GSO,Greensboro,United States of America
GSP,Greer,United States of America
GST,Gustavus,United States of America
GTF,Great Falls,United States of America
GTG,Grantsburg,United States of America
GTP,Grants Pass,United States of America
GTR,Columbus/W Point/Starkville,United States of America
GTY,Gettysburg,United States of America
GUC,Gunnison,United States of America
GUF,Gulf Shores,United States of America
GUP,Gallup,United States of America
GUS,Peru,United States of America
GUY,Guymon,United States of America
GVE,Gordonsville,United States of America
GVL,Gainesville,United States of America
GVT,Greenville,United States of America
GWO,Greenwood,United States of America
GWS,Glenwood Springs,United States of America
GWV,Glendale,United States of America
GXY,Greeley,United States of America
GYR,Goodyear,United States of America
GYY,Gary,United States of America
HAB,Hamilton,United States of America
HAF,Half Moon Bay,United States of America
HAI,Three Rivers,United States of America
HAO,Hamilton,United States of America
HAR,Harrisburg,United States of America
HBB,Hobbs,United States of America
HBG,Hattiesburg,United States of America
HBK,Holbrook,United States of America
HBR,Hobart,United States of America
HCA,Big Spring,United States of America
HCC,Hudson,United States of America
HCR,Holy Cross,United States of America
HCW,Cheraw,United States of America
HDE,Holdrege,United States of America
HDH,Mokuleia,United States of America
HDN,Hayden,United States of America
HED,Herendeen Bay,United States of America
HEE,West Helena,United States of America
HES,Hermiston,United States of America
HEZ,Natchez,United States of America
HFD,Hartford,United States of America
HFF,Hoffman,United States of America
HGR,Hagerstown,United States of America
HGZ,Hogatza,United States of America
HHH,Hilton Head Island,United States of America
HHI,Wahiawa,United States of America
HHR,Hawthorne,United States of America
HIB,Hibbing,United States of America
HIE,Whitefield,United States of America
HIF,Ogden,United States of America
HII,Lake Havasu City,United States of America
HIK,Honolulu,United States of America
HIO,Portland,United States of America
HKA,Blytheville,United States of America
HKB,Healy Lake,United States of America
HKS,Jackson,United States of America
HKY,Hickory,United States of America
HLB,Batesville,United States of America
HLC,Hill City,United States of America
HLG,Wheeling,United States of America
HLI,Hollister,United States of America
HLM,Holland,United States of America
HLN,Helena,United States of America
HMN,Alamogordo,United States of America
HMT,Hemet,United States of America
HNB,Huntingburg,United States of America
HNC,Hatteras,United States of America
HNH,Hoonah,United States of America
HNL,Honolulu,United States of America
HNM,Hana,United States of America
HNS,Haines,United States of America
HOB,Hobbs,United States of America
HOM,Homer,United States of America
HON,Huron,United States of America
HOP,Fort Campbell,United States of America
HOT,Hot Springs,United States of America
HOU,Houston,United States of America
HPB,Hooper Bay,United States of America
HPN,White Plains,United States of America
HPT,Hampton,United States of America
HPV,Hanalei,United States of America
HPY,Baytown,United States of America
HQM,Hoquiam,United States of America
HRL,Harlingen,United States of America
HRO,Harrison,United States of America
HSB,Harrisburg,United States of America
HSH,Las Vegas,United States of America
HSI,Hastings,United States of America
HSL,Huslia,United States of America
HSP,Hot Springs,United States of America
HST,Homestead,United States of America
HSV,Huntsville,United States of America
HTH,Hawthorne,United States of America
HTL,Houghton Lake,United States of America
HTO,East Hampton,United States of America
HTS,Huntington,United States of America
HTV,Huntsville,United States of America
HTW,South Point,United States of America
HUA,Redstone Arsnl Huntsville,United States of America
HUD,Humboldt,United States of America
HUF,Terre Haute,United States of America
HUJ,Hugo,United States of America
HUL,Houlton,United States of America
HUM,Houma,United States of America
HUS,Hughes,United States of America
HUT,Hutchinson,United States of America
HVE,Hanksville,United States of America
HVN,New Haven,United States of America
HVR,Havre,United States of America
HVS,Hartsville,United States of America
HWD,Hayward,United States of America
HWO,Hollywood,United States of America
HYA,Hyannis,United States of America
HYR,Hayward,United States of America
HYS,Hays,United States of America
HZL,Hazleton,United States of America
IAB,Wichita,United States of America
IAD,Dulles,United States of America
IAG,Niagara Falls,United States of America
IAH,Houston,United States of America
IAN,Kiana,United States of America
ICL,Clarinda,United States of America
ICS,Cascade,United States of America
ICT,Wichita,United States of America
ICY,Icy Bay,United States of America
IDA,Idaho Falls,United States of America
IDH,Grangeville,United States of America
IDI,Indiana,United States of America
IDP,Independence,United States of America
IFA,Iowa Falls,United States of America
IFP,Bullhead City,United States of America
IGG,Igiugig,United States of America
IGM,Kingman,United States of America
IKB,North Wilkesboro,United States of America
IKK,Kankakee,United States of America
IKO,Nikolski,United States of America
ILE,Killeen,United States of America
ILG,Wilmington,United States of America
ILI,Iliamna,United States of America
ILL,Willmar,United States of America
ILM,Wilmington,United States of America
ILN,Wilmington,United States of America
IML,Imperial,United States of America
IMM,Immokalee,United States of America
IMT,Kingsford,United States of America
IND,Indianapolis,United States of America
INK,Wink,United States of America
INL,International Falls,United States of America
INS,Indian Springs,United States of America
INT,Winston Salem,United States of America
INW,Winslow,United States of America
IOW,Iowa City,United States of America
IPL,Imperial,United States of America
IPT,Williamsport,United States of America
IRB,Iraan,United States of America
IRC,Circle,United States of America
IRK,Kirksville,United States of America
IRS,Sturgis,United States of America
ISM,Orlando,United States of America
ISO,Kinston,United States of America
ISP,Islip,United States of America
ISQ,Manistique,United States of America
ISS,Wiscasset,United States of America
ISW,Wisconsin Rapids,United States of America
ITH,Ithaca,United States of America
ITO,Hilo,United States of America
IUA,Ontario County IDA,United States of America
IWD,Ironwood,United States of America
IWS,Houston,United States of America
IYK,Inyokern,United States of America
JAC,Jackson,United States of America
JAN,Jackson,United States of America
JAS,Jasper,United States of America
JAX,Jacksonville,United States of America
JBR,Jonesboro,United States of America
JCI,New Century,United States of America
JCT,Junction,United States of America
JCY,Stonewall,United States of America
JDA,John Day,United States of America
JDN,Jordan,United States of America
JEF,Jefferson City,United States of America
JFK,New York,United States of America
JFN,Ashtabula,United States of America
JHM,Lahaina,United States of America
JHW,Jamestown,United States of America
JKV,Jacksonville,United States of America
JLA,Cooper Landing,United States of America
JLN,Joplin,United States of America
JMS,Jamestown,United States of America
JNU,Juneau,United States of America
JOT,Joliet,United States of America
JRF,Kapolei,United States of America
JST,Johnstown,United States of America
JVI,Manville,United States of America
JVL,Janesville,United States of America
JXN,Jackson,United States of America
KAL,Kaltag,United States of America
KBC,Birch Creek,United States of America
KCG,Chignik,United States of America
KCL,Chignik Flats,United States of America
KCQ,Chignik Lake,United States of America
KCR,Colorado Creek,United States of America
KDK,Kodiak,United States of America
KEB,Nanwalek,United States of America
KEK,Ekwok,United States of America
KFP,False Pass,United States of America
KGK,Koliganek,United States of America
KGX,Grayling,United States of America
KGZ,Glacier Creek,United States of America
KIC,King City,United States of America
KIP,Wichita Falls,United States of America
KKA,Koyuk,United States of America
KKH,Kongiganak,United States of America
KKI,Akiachak,United States of America
KKK,Kalakaket Creek,United States of America
KKT,Kentland,United States of America
KKU,Ekuk,United States of America
KLG,Kalskag,United States of America
KLL,Levelock,United States of America
KLN,Larsen Bay,United States of America
KLS,Kelso,United States of America
KLW,Klawock,United States of America
KMO,Manokotak,United States of America
KNK,Kokhanok,United States of America
KNT,Kennett,United States of America
KNW,New Stuyahok,United States of America
KOA,Kailua-Kona,United States of America
KOT,Kotlik,United States of America
KOZ,Ouzinkie,United States of America
KPC,Port Clarence,United States of America
KPN,Kipnuk,United States of America
KPT,Jackpot,United States of America
KPV,Perryville,United States of America
KQA,Akutan,United States of America
KSM,St Mary's,United States of America
KTN,Ketchikan,United States of America
KTS,Brevig Mission,United States of America
KUK,Kasigluk,United States of America
KVC,King Cove,United States of America
KVL,Kivalina,United States of America
KWK,Kwigillingok,United States of America
KWN,Quinhagak,United States of America
KWT,Kwethluk,United States of America
KYK,Karluk,United States of America
KYO,Tampa,United States of America
KYU,Koyukuk,United States of America
LAA,Lamar,United States of America
LAF,West Lafayette,United States of America
LAL,Lakeland,United States of America
LAM,Los Alamos,United States of America
LAN,Lansing,United States of America
LAR,Laramie,United States of America
LAS,Las Vegas,United States of America
LAW,Lawton,United States of America
LAX,Los Angeles,United States of America
LBB,Lubbock,United States of America
LBE,Latrobe,United States of America
LBF,North Platte,United States of America
LBL,Liberal,United States of America
LBT,Lumberton,United States of America
LCH,Lake Charles,United States of America
LCI,Laconia / Gilford,United States of America
LCK,Columbus,United States of America
LCQ,Lake City,United States of America
LDJ,Linden,United States of America
LDM,Ludington,United States of America
LEB,Lebanon,United States of America
LEE,Leesburg,United States of America
LEM,Lemmon,United States of America
LEW,Auburn/Lewiston,United States of America
LEX,Lexington,United States of America
LFI,Hampton,United States of America
LFK,Lufkin,United States of America
LFN,Louisburg,United States of America
LFT,Lafayette,United States of America
LGA,New York,United States of America
LGB,Long Beach,United States of America
LGC,LaGrange,United States of America
LGD,La Grande,United States of America
LGF,Yuma Proving Ground(Yuma),United States of America
LGU,Logan,United States of America
LHV,Lock Haven,United States of America
LIC,Limon,United States of America
LIH,Lihue,United States of America
LIT,Little Rock,United States of America
LIV,Livengood,United States of America
LIY,Hinesville,United States of America
LIZ,Limestone,United States of America
LJN,Angleton,United States of America
LKK,Kulik Lake,United States of America
LKP,Lake Placid,United States of America
LKV,Lakeview,United States of America
LLX,Lyndonville,United States of America
LLY,Lumberton,United States of America
LMA,Minchumina,United States of America
LMS,Louisville,United States of America
LMT,Klamath Falls,United States of America
LNA,West Palm Beach,United States of America
LND,Lander,United States of America
LNI,Point Lonely,United States of America
LNK,Lincoln,United States of America
LNN,Willoughby,United States of America
LNP,Wise,United States of America
LNR,Spring Green,United States of America
LNS,Lancaster,United States of America
LNY,Lanai City,United States of America
LOL,Lovelock,United States of America
LOT,Chicago/Romeoville,United States of America
LOU,Louisville,United States of America
LOW,Louisa,United States of America
LOZ,London,United States of America
LPC,Lompoc,United States of America
LPO,La Porte,United States of America
LPS,Lopez,United States of America
LQK,Pickens,United States of America
LRD,Laredo,United States of America
LRF,Jacksonville,United States of America
LRJ,Le Mars,United States of America
LRU,Las Cruces,United States of America
LSB,Lordsburg,United States of America
LSE,La Crosse,United States of America
LSF,Fort Benning,United States of America
LSK,Lusk,United States of America
LSN,Los Banos,United States of America
LSV,Las Vegas,United States of America
LTS,Altus,United States of America
LTW,California,United States of America
LUF,Glendale,United States of America
LUK,Cincinnati,United States of America
LUL,Laurel,United States of America
LUP,Kalaupapa,United States of America
LUR,Cape Lisburne,United States of America
LVD,Lime Village,United States of America
LVK,Livermore,United States of America
LVL,Lawrenceville,United States of America
LVM,Livingston,United States of America
LVS,Las Vegas,United States of America
LWB,Lewisburg,United States of America
LWC,Lawrence,United States of America
LWL,Wells,United States of America
LWM,Lawrence,United States of America
LWS,Lewiston,United States of America
LWT,Lewistown,United States of America
LWV,Lawrenceville,United States of America
LXN,Lexington,United States of America
LXV,Leadville,United States of America
LYH,Lynchburg,United States of America
LYO,Lyons,United States of America
LYU,Ely,United States of America
LZU,Lawrenceville,United States of America
MAC,Macon,United States of America
MAE,Madera,United States of America
MAF,Midland,United States of America
MAW,Malden,United States of America
MBG,Mobridge,United States of America
MBL,Manistee,United States of America
MBS,Saginaw,United States of America
MBY,Moberly,United States of America
MCB,McComb,United States of America
MCC,Sacramento,United States of America
MCD,Mackinac Island,United States of America
MCE,Merced,United States of America
MCF,Tampa,United States of America
MCG,McGrath,United States of America
MCI,Kansas City,United States of America
MCK,McCook,United States of America
MCL,Denali Park,United States of America
MCN,Macon,United States of America
MCO,Orlando,United States of America
MCW,Mason City,United States of America
MDD,Midland,United States of America
MDF,Medford,United States of America
MDH,Murphysboro,United States of America
MDJ,Madras,United States of America
MDN,Madison,United States of America
MDO,Middleton Island,United States of America
MDT,Harrisburg,United States of America
MDW,Chicago,United States of America
MEI,Meridian,United States of America
MEJ,Meadville,United States of America
MEM,Memphis,United States of America
MEO,Manteo,United States of America
MER,Merced,United States of America
MEV,Minden,United States of America
MFD,Mansfield,United States of America
MFE,McAllen,United States of America
MFH,Mesquite,United States of America
MFI,Marshfield,United States of America
MFR,Medford,United States of America
MFV,Melfa,United States of America
MGC,Michigan City,United States of America
MGE,Marietta,United States of America
MGJ,Montgomery,United States of America
MGM,Montgomery,United States of America
MGR,Moultrie,United States of America
MGW,Morgantown,United States of America
MGY,Dayton,United States of America
MHE,Mitchell,United States of America
MHK,Manhattan,United States of America
MHL,Marshall,United States of America
MHN,Mullen,United States of America
MHR,Sacramento,United States of America
MHS,Dunsmuir,United States of America
MHT,Manchester,United States of America
MHV,Mojave,United States of America
MIA,Miami,United States of America
MIB,Minot,United States of America
MIE,Muncie,United States of America
MIF,Monahans,United States of America
MIT,Shafter,United States of America
MIV,Millville,United States of America
MJX,Toms River,United States of America
MKC,Kansas City,United States of America
MKE,Milwaukee,United States of America
MKG,Muskegon,United States of America
MKK,Kaunakakai,United States of America
MKL,Jackson,United States of America
MLB,Melbourne,United States of America
MLC,Mc Alester,United States of America
MLI,Moline,United States of America
MLK,Malta,United States of America
MLL,Marshall,United States of America
MLS,Miles City,United States of America
MLU,Monroe,United States of America
MLY,Manley Hot Springs,United States of America
MMH,Mammoth Lakes,United States of America
MMI,Athens,United States of America
MML,Marshall,United States of America
MMS,Marks,United States of America
MMT,Eastover,United States of America
MMU,Morristown,United States of America
MNM,Menominee,United States of America
MNN,Marion,United States of America
MNT,Minto,United States of America
MNZ,Manassas,United States of America
MOB,Mobile,United States of America
MOD,Modesto,United States of America
MOT,Minot,United States of America
MOU,Mountain Village,United States of America
MPV,Barre/Montpelier,United States of America
MPZ,Mount Pleasant,United States of America
MQB,Macomb,United States of America
MQT,Gwinn,United States of America
MQY,Smyrna,United States of America
MRB,Martinsburg,United States of America
MRC,Columbia/Mount Pleasant,United States of America
MRF,Marfa,United States of America
MRI,Anchorage,United States of America
MRK,Marco Island,United States of America
MRY,Monterey,United States of America
MSC,Mesa,United States of America
MSL,Muscle Shoals,United States of America
MSN,Madison,United States of America
MSO,Missoula,United States of America
MSP,Minneapolis,United States of America
MSS,Massena,United States of America
MSY,New Orleans,United States of America
MTC,Mount Clemens,United States of America
MTH,Marathon,United States of America
MTJ,Montrose,United States of America
MTN,Baltimore,United States of America
MTO,Mattoon,United States of America
MTP,Montauk,United States of America
MTX,Fairbanks,United States of America
MUE,Waimea (Kamuela),United States of America
MUI,Fort Indiantown Gap(Annville),United States of America
MUO,Mountain Home,United States of America
MVC,Monroeville,United States of America
MVL,Morrisville,United States of America
MVW,Burlington,United States of America
MVY,Martha's Vineyard,United States of America
MWA,Marion,United States of America
MWC,Milwaukee,United States of America
MWH,Moses Lake,United States of America
MWL,Mineral Wells,United States of America
MWO,Middletown,United States of America
MXC,Monticello,United States of America
MXF,Montgomery,United States of America
MXY,Mccarthy,United States of America
MYF,San Diego,United States of America
MYK,May Creek,United States of America
MYL,McCall,United States of America
MYR,Myrtle Beach,United States of America
MYU,Mekoryuk,United States of America
MYV,Marysville,United States of America
MZJ,Marana,United States of America
MZZ,Marion,United States of America
NBG,New Orleans,United States of America
NCN,Chenega,United States of America
NCO,North Kingstown,United States of America
NEL,Lakehurst,United States of America
NEN,Jacksonville,United States of America
NEW,New Orleans,United States of America
NFL,Fallon,United States of America
NGF,Kaneohe,United States of America
NGP,Corpus Christi,United States of America
NGU,Norfolk,United States of America
NHK,Patuxent River,United States of America
NHX,Foley,United States of America
NHZ,Brunswick,United States of America
NIB,Nikolai,United States of America
NIP,Jacksonville,United States of America
NJK,El Centro,United States of America
NKX,San Diego,United States of America
NLC,Lemoore,United States of America
NLE,Niles,United States of America
NLG,Nelson Lagoon,United States of America
NLN,Kneeland,United States of America
NME,Nightmute,United States of America
NNK,Naknek,United States of America
NNL,Nondalton,United States of America
NOT,Novato,United States of America
NPA,Pensacola,United States of America
NPH,Nephi,United States of America
NPT,Newport,United States of America
NQA,Millington,United States of America
NQI,Kingsville,United States of America
NQX,Key West,United States of America
NRB,Jacksonville,United States of America
NRI,Afton,United States of America
NRS,Imperial Beach,United States of America
NSE,Milton,United States of America
NSL,Slayton,United States of America
NTD,Point Mugu,United States of America
NTJ,Manti,United States of America
NTU,Virginia Beach,United States of America
NUI,Nuiqsut,United States of America
NUL,Nulato,United States of America
NUP,Nunapitchuk,United States of America
NUQ,Mountain View,United States of America
NUW,Oak Harbor,United States of America
NVN,Beckwourth,United States of America
NYG,Quantico,United States of America
NZY,San Diego,United States of America
OAJ,Richlands,United States of America
OAK,Oakland,United States of America
OAR,Marina,United States of America
OBE,Okeechobee,United States of America
OBU,Kobuk,United States of America
OCA,Key Largo,United States of America
OCE,Ocean City,United States of America
OCF,Ocala,United States of America
OCH,Nacogdoches,United States of America
OCN,Oceanside,United States of America
OCW,Washington,United States of America
ODC,Oakdale,United States of America
ODW,Oak Harbor,United States of America
OEA,Lawrenceville,United States of America
OEO,Osceola,United States of America
OFF,Omaha,United States of America
OFK,Norfolk,United States of America
OGA,Ogallala,United States of America
OGB,Orangeburg,United States of America
OGD,Ogden,United States of America
OGG,Kahului,United States of America
OGS,Ogdensburg,United States of America
OIC,Norwich,United States of America
OJC,Olathe,United States of America
OKC,Oklahoma City,United States of America
OKK,Kokomo,United States of America
OKM,Okmulgee,United States of America
OKS,Oshkosh,United States of America
OLD,Old Town,United States of America
OLF,Wolf Point,United States of America
OLH,Old Harbor,United States of America
OLM,Olympia,United States of America
OLS,Nogales,United States of America
OLU,Columbus,United States of America
OLV,Olive Branch,United States of America
OMA,Omaha,United States of America
OME,Nome,United States of America
OMK,Omak,United States of America
ONL,O'Neill,United States of America
ONO,Oregon,United States of America
ONP,Newport,United States of America
ONT,Ontario,United States of America
OOK,Toksook Bay,United States of America
OPF,Miami,United States of America
ORD,Chicago,United States of America
ORF,Norfolk,United States of America
ORH,Worcester,United States of America
ORI,Port Lions,United States of America
ORL,Orlando,United States of America
ORT,Northway,United States of America
ORV,Noorvik,United States of America
OSC,Oscoda,United States of America
OSH,Oshkosh,United States of America
OSU,Columbus,United States of America
OTH,North Bend,United States of America
OTK,Tillamook,United States of America
OTM,Ottumwa,United States of America
OTN,Oaktown,United States of America
OTS,Anacortes,United States of America
OTZ,Kotzebue,United States of America
OUN,Norman,United States of America
OVE,Oroville,United States of America
OWA,Owatonna,United States of America
OWB,Owensboro,United States of America
OWD,Norwood,United States of America
OWK,Norridgewock,United States of America
OXC,Oxford,United States of America
OXD,Oxford,United States of America
OXR,Oxnard,United States of America
OZA,Ozona,United States of America
OZR,Fort Rucker/Ozark,United States of America
PAE,Everett,United States of America
PAH,Paducah,United States of America
PAK,Hanapepe,United States of America
PAM,Panama City,United States of America
PAO,Palo Alto,United States of America
PAQ,Palmer,United States of America
PBF,Pine Bluff,United States of America
PBG,Plattsburgh,United States of America
PBI,West Palm Beach,United States of America
PCA,Portage Creek,United States of America
PCD,Prairie Du Chien,United States of America
PCT,Princeton/Rocky Hill,United States of America
PCU,Poplarville,United States of America
PDB,Pedro Bay,United States of America
PDK,Atlanta,United States of America
PDT,Pendleton,United States of America
PDX,Portland,United States of America
PEQ,Pecos,United States of America
PFC,Pacific City,United States of America
PGA,Page,United States of America
PGC,Petersburg,United States of America
PGD,Punta Gorda,United States of America
PGL,Pascagoula,United States of America
PGM,Port Graham,United States of America
PGO,Pagosa Springs,United States of America
PGR,Paragould,United States of America
PGV,Greenville,United States of America
PHD,New Philadelphia,United States of America
PHF,Newport News,United States of America
PHK,Pahokee,United States of America
PHL,Philadelphia,United States of America
PHN,Port Huron,United States of America
PHO,Point Hope,United States of America
PHP,Philip,United States of America
PHT,Paris,United States of America
PHX,Phoenix,United States of America
PIA,Peoria,United States of America
PIB,Moselle,United States of America
PIE,Pinellas Park,United States of America
PIH,Pocatello,United States of America
PIM,Pine Mountain,United States of America
PIP,Pilot Point,United States of America
PIR,Pierre,United States of America
PIT,Pittsburgh,United States of America
PIZ,Point Lay,United States of America
PJB,Payson,United States of America
PKA,Napaskiak,United States of America
PKB,Parkersburg (Williamstown),United States of America
PKD,Park Rapids,United States of America
PKF,Park Falls,United States of America
PLK,Branson / Hollister,United States of America
PLN,Pellston,United States of America
PLR,Pell City,United States of America
PLY,Plymouth,United States of America
PMB,Pembina,United States of America
PMD,Palmdale,United States of America
PMH,Portsmouth,United States of America
PML,Cold Bay,United States of America
PNC,Ponca City,United States of America
PNE,Philadelphia,United States of America
PNN,Princeton,United States of America
PNS,Pensacola,United States of America
PNU,Panguitch,United States of America
PNX,Denison,United States of America
POB,Fort Bragg,United States of America
POC,La Verne,United States of America
POE,Fort Polk,United States of America
POF,Poplar Bluff,United States of America
POU,Poughkeepsie,United States of America
POY,Powell,United States of America
PPA,Pampa,United States of America
PPC,Prospect Creek,United States of America
PPF,Parsons,United States of America
PPM,Pompano Beach,United States of America
PQI,Presque Isle,United States of America
PQS,Pilot Station,United States of America
PRB,Paso Robles,United States of America
PRC,Prescott,United States of America
PRO,Perry,United States of America
PRW,Prentice,United States of America
PRX,Paris,United States of America
PRZ,Prineville,United States of America
PSC,Pasco,United States of America
PSF,Pittsfield,United States of America
PSG,Petersburg,United States of America
PSK,Dublin,United States of America
PSM,Portsmouth,United States of America
PSN,Palestine,United States of America
PSP,Palm Springs,United States of America
PSX,Palacios,United States of America
PTA,Port Alsworth,United States of America
PTB,Petersburg,United States of America
PTH,Port Heiden,United States of America
PTK,Pontiac,United States of America
PTN,Patterson,United States of America
PTT,Pratt,United States of America
PTU,Platinum,United States of America
PTV,Porterville,United States of America
PTW,Pottstown,United States of America
PUB,Pueblo,United States of America
PUC,Price,United States of America
PUW,Pullman,United States of America
PVC,Provincetown,United States of America
PVD,Warwick,United States of America
PVF,Placerville,United States of America
PVL,Pikeville,United States of America
PVU,Provo,United States of America
PVW,Plainview,United States of America
PWA,Oklahoma City,United States of America
PWD,Plentywood,United States of America
PWK,Chicago/Prospect Heights/Wheeling,United States of America
PWM,Portland,United States of America
PWT,Bremerton,United States of America
PWY,Pinedale,United States of America
PXL,Polacca,United States of America
PYM,Plymouth,United States of America
RAC,Racine,United States of America
RAL,Riverside,United States of America
RAP,Rapid City,United States of America
RBD,Dallas,United States of America
RBF,Big Bear,United States of America
RBG,Roseburg,United States of America
RBK,Murrieta,United States of America
RBL,Red Bluff,United States of America
RBW,Walterboro,United States of America
RBY,Ruby,United States of America
RCA,Rapid City,United States of America
RCE,Roche Harbor,United States of America
RCK,Rockdale,United States of America
RCR,Rochester,United States of America
RCT,Reed City,United States of America
RDB,Red Dog,United States of America
RDD,Redding,United States of America
RDG,Reading,United States of America
RDM,Redmond,United States of America
RDR,Grand Forks,United States of America
RDU,Raleigh/Durham,United States of America
RDV,Red Devil,United States of America
RED,Reedsville,United States of America
REE,Lubbock,United States of America
REO,Rome,United States of America
RFD,Chicago/Rockford,United States of America
RGR,Ranger,United States of America
RHI,Rhinelander,United States of America
RHV,San Jose,United States of America
RIC,Richmond,United States of America
RIE,Rice Lake,United States of America
RIL,Rifle,United States of America
RIV,Riverside,United States of America
RIW,Riverton,United States of America
RKD,Rockland,United States of America
RKH,Rock Hill,United States of America
RKP,Rockport,United States of America
RKS,Rock Springs,United States of America
RKW,Rockwood,United States of America
RLA,Rolla,United States of America
RME,Rome,United States of America
RMG,Rome,United States of America
RMP,Rampart,United States of America
RMY,Mariposa,United States of America
RNC,Mc Minnville,United States of America
RND,Universal City,United States of America
RNH,New Richmond,United States of America
RNO,Reno,United States of America
RNT,Renton,United States of America
RNZ,Rensselaer,United States of America
ROA,Roanoke,United States of America
ROC,Rochester,United States of America
ROF,Montague,United States of America
ROG,Rogers,United States of America
ROL,Roosevelt,United States of America
ROW,Roswell,United States of America
ROX,Roseau,United States of America
RPX,Roundup,United States of America
RQO,El Reno,United States of America
RRL,Merrill,United States of America
RRT,Warroad,United States of America
RSH,Russian Mission,United States of America
RSL,Russell,United States of America
RSN,Ruston,United States of America
RST,Rochester,United States of America
RSW,Fort Myers,United States of America
RTL,Okoboji,United States of America
RTN,Raton,United States of America
RUI,Alto,United States of America
RUT,Rutland,United States of America
RVR,Green River,United States of America
RVS,Tulsa,United States of America
RWF,Redwood Falls,United States of America
RWI,Rocky Mount,United States of America
RWL,Rawlins,United States of America
RXE,Rexburg,United States of America
SAA,Saratoga,United States of America
SAC,Sacramento,United States of America
SAD,Safford,United States of America
SAF,Santa Fe,United States of America
SAN,San Diego,United States of America
SAR,Sparta,United States of America
SAS,Salton City,United States of America
SAT,San Antonio,United States of America
SAV,Savannah,United States of America
SBA,Santa Barbara,United States of America
SBD,San Bernardino,United States of America
SBM,Sheboygan,United States of America
SBN,South Bend,United States of America
SBO,Salina,United States of America
SBP,San Luis Obispo,United States of America
SBS,Steamboat Springs,United States of America
SBX,Shelby,United States of America
SBY,Salisbury,United States of America
SCB,Scribner,United States of America
SCC,Deadhorse,United States of America
SCE,State College,United States of America
SCF,Scottsdale,United States of America
SCH,Schenectady,United States of America
SCK,Stockton,United States of America
SCM,Scammon Bay,United States of America
SDF,Louisville,United States of America
SDM,San Diego,United States of America
SDP,Sand Point,United States of America
SDX,Sedona,United States of America
SDY,Sidney,United States of America
SEA,Seattle,United States of America
SEE,San Diego/El Cajon,United States of America
SEF,Sebring,United States of America
SEG,Selinsgrove,United States of America
SEM,Selma,United States of America
SEP,Stephenville,United States of America
SER,Seymour,United States of America
SFB,Orlando,United States of America
SFF,Spokane,United States of America
SFM,Sanford,United States of America
SFO,San Francisco,United States of America
SFZ,Pawtucket,United States of America
SGF,Springfield,United States of America
SGH,Springfield,United States of America
SGR,Houston,United States of America
SGT,Stuttgart,United States of America
SGU,St George,United States of America
SGY,Skagway,United States of America
SHD,Weyers Cave,United States of America
SHG,Shungnak,United States of America
SHH,Shishmaref,United States of America
SHN,Shelton,United States of America
SHR,Sheridan,United States of America
SHV,Shreveport,United States of America
SHX,Shageluk,United States of America
SIK,Sikeston,United States of America
SIT,Sitka,United States of America
SIV,Sullivan,United States of America
SJC,San Jose,United States of America
SJN,St Johns,United States of America
SJT,San Angelo,United States of America
SKA,Spokane,United States of America
SKF,San Antonio,United States of America
SKK,Shaktoolik,United States of America
SKW,Skwentna,United States of America
SLB,Storm Lake,United States of America
SLC,Salt Lake City,United States of America
SLE,Salem,United States of America
SLG,Siloam Springs,United States of America
SLK,Saranac Lake,United States of America
SLN,Salina,United States of America
SLO,Salem,United States of America
SLQ,Sleetmute,United States of America
SLR,Sulphur Springs,United States of America
SLT,Salida,United States of America
SMD,Fort Wayne,United States of America
SME,Somerset,United States of America
SMF,Sacramento,United States of America
SMK,St Michael,United States of America
SMN,Salmon,United States of America
SMO,Santa Monica,United States of America
SMU,Sheep Mountain,United States of America
SMX,Santa Maria,United States of America
SNA,Santa Ana,United States of America
SNK,Snyder,United States of America
SNL,Shawnee,United States of America
SNP,St Paul Island,United States of America
SNS,Salinas,United States of America
SNY,Sidney,United States of America
SOL,Solomon,United States of America
SOP,Carthage,United States of America
SOV,Seldovia,United States of America
SOW,Show Low,United States of America
SPA,Spartanburg,United States of America
SPF,Spearfish,United States of America
SPG,St Petersburg,United States of America
SPI,Springfield,United States of America
SPS,Wichita Falls,United States of America
SPW,Spencer,United States of America
SPZ,Springdale,United States of America
SQA,Santa Ynez,United States of America
SQI,Rock Falls,United States of America
SQL,San Carlos,United States of America
SQV,Sequim,United States of America
SRQ,Sarasota/Bradenton,United States of America
SRV,Stony River,United States of America
SRW,Salisbury,United States of America
SSC,Sumter,United States of America
SSF,San Antonio,United States of America
SSI,St Simons Island,United States of America
SSW,Friday Harbor,United States of America
STC,Saint Cloud,United States of America
STE,Stevens Point,United States of America
STG,St George,United States of America
STJ,St Joseph,United States of America
STK,Sterling,United States of America
STL,St Louis,United States of America
STP,Saint Paul,United States of America
STQ,St Marys,United States of America
STS,Santa Rosa,United States of America
SUA,Stuart,United States of America
SUD,Stroud,United States of America
SUE,Sturgeon Bay,United States of America
SUM,Sumter,United States of America
SUN,Hailey,United States of America
SUO,Sunriver,United States of America
SUS,St Louis,United States of America
SUU,Fairfield,United States of America
SUW,Superior,United States of America
SUX,Sioux City,United States of America
SVA,Savoonga,United States of America
SVC,Silver City,United States of America
SVE,Susanville,United States of America
SVH,Statesville,United States of America
SVN,Savannah,United States of America
SVS,Stevens Village,United States of America
SVW,Sparrevohn,United States of America
SWD,Seward,United States of America
SWF,Newburgh,United States of America
SWO,Stillwater,United States of America
SWW,Sweetwater,United States of America
SXP,Nunam Iqua,United States of America
SXQ,Soldotna,United States of America
SXY,Sidney,United States of America
SYA,Shemya,United States of America
SYI,Shelbyville,United States of America
SYN,Dennison,United States of America
SYR,Syracuse,United States of America
SYV,Sylvester,United States of America
SZL,Knob Noster,United States of America
SZN,Santa Cruz Island,United States of America
SZP,Santa Paula,United States of America
TAD,Trinidad,United States of America
TAL,Tanana,United States of America
TBC,Tuba City,United States of America
TBN,Fort Leonard Wood,United States of America
TBR,Statesboro,United States of America
TCC,Tucumcari,United States of America
TCL,Tuscaloosa,United States of America
TCM,Tacoma,United States of America
TCS,Truth or Consequences,United States of America
TCT,Takotna,United States of America
TDO,Toledo,United States of America
TDW,Amarillo,United States of America
TDZ,Toledo,United States of America
TEB,Teterboro,United States of America
TEK,Tatitlek,United States of America
TEX,Telluride,United States of America
THA,Tullahoma,United States of America
THM,Thompson Falls,United States of America
THP,Thermopolis,United States of America
THV,Thomasville,United States of America
TIK,Oklahoma City,United States of America
TIW,Tacoma,United States of America
TIX,Titusville,United States of America
TKA,Talkeetna,United States of America
TKF,Truckee,United States of America
TKJ,Tok,United States of America
TLA,Teller,United States of America
TLF,Telida,United States of America
TLH,Tallahassee,United States of America
TLJ,Takotna,United States of America
TLR,Tulare,United States of America
TLT,Tuluksak,United States of America
TMA,Tifton,United States of America
TMB,Miami,United States of America
TNC,Tin City,United States of America
TNK,Tununak,United States of America
TNP,Twentynine Palms,United States of America
TNT,Miami,United States of America
TNU,Newton,United States of America
TOA,Torrance,United States of America
TOC,Toccoa,United States of America
TOG,Togiak Village,United States of America
TOI,Troy,United States of America
TOL,Toledo,United States of America
TOP,Topeka,United States of America
TOR,Torrington,United States of America
TPA,Tampa,United States of America
TPF,Tampa,United States of America
TPH,Tonopah,United States of America
TPL,Temple,United States of America
TRH,Trona,United States of America
TRI,Blountville,United States of America
TRL,Terrell,United States of America
TRM,Palm Springs,United States of America
TSG,Tanacross,United States of America
TSM,Taos,United States of America
TSP,Tehachapi,United States of America
TTD,Portland,United States of America
TTN,Ewing Township,United States of America
TTO,Britton,United States of America
TUH,Manchester,United States of America
TUL,Tulsa,United States of America
TUP,Tupelo,United States of America
TUS,Tucson,United States of America
TVC,Traverse City,United States of America
TVF,Thief River Falls,United States of America
TVI,Thomasville,United States of America
TVL,South Lake Tahoe,United States of America
TWA,Twin Hills,United States of America
TWD,Port Townsend,United States of America
TWE,Taylor,United States of America
TWF,Twin Falls,United States of America
TXK,Texarkana,United States of America
TYE,Tyonek,United States of America
TYR,Tyler,United States of America
TYS,Alcoa,United States of America
TYZ,Taylor,United States of America
TZC,Caro,United States of America
UBS,Columbus,United States of America
UCC,Mercury,United States of America
UCE,Eunice,United States of America
UCY,Union City,United States of America
UDD,Bermuda Dunes,United States of America
UES,Waukesha,United States of America
UGB,Pilot Point,United States of America
UGN,Chicago/Waukegan,United States of America
UGS,Ugashik,United States of America
UIL,Quillayute,United States of America
UIN,Quincy,United States of America
UKI,Ukiah,United States of America
UKN,Waukon,United States of America
UKT,Quakertown,United States of America
ULM,New Ulm,United States of America
UMM,Cantwell,United States of America
UMT,Umiat,United States of America
UNK,Unalakleet,United States of America
UNU,Juneau,United States of America
UOS,Sewanee,United States of America
UOX,Oxford,United States of America
UPP,Hawi,United States of America
USA,Concord,United States of America
UST,St Augustine,United States of America
UTM,Tunica,United States of America
UTO,Utopia Creek,United States of America
UUK,Kuparuk,United States of America
UVA,Uvalde,United States of America
UWA,Ware,United States of America
VAD,Valdosta,United States of America
VAK,Chevak,United States of America
VBG,Lompoc,United States of America
VCT,Victoria,United States of America
VCV,Victorville,United States of America
VDI,Vidalia,United States of America
VDZ,Valdez,United States of America
VEE,Venetie,United States of America
VEL,Vernal,United States of America
VEX,Tioga,United States of America
VGT,Las Vegas,United States of America
VHN,Van Horn,United States of America
VIH,Vichy,United States of America
VIS,Visalia,United States of America
VJI,Abingdon,United States of America
VKS,Vicksburg,United States of America
VLA,Vandalia,United States of America
VLD,Valdosta,United States of America
VLE,Grand Canyon,United States of America
VNC,Venice,United States of America
VNY,Van Nuys,United States of America
VOK,Camp Douglas,United States of America
VPS,Valparaiso,United States of America
VPZ,Valparaiso,United States of America
VQQ,Jacksonville,United States of America
VRB,Vero Beach,United States of America
VRS,Versailles,United States of America
VSF,North Springfield,United States of America
VTN,Valentine,United States of America
VYS,Peru,United States of America
WAA,Wales,United States of America
WAH,Wahpeton,United States of America
WAL,Wallops Island,United States of America
WAY,Waynesburg,United States of America
WBB,Stebbins,United States of America
WBQ,Beaver,United States of America
WBR,Big Rapids,United States of America
WBU,Boulder,United States of America
WBW,Wilkes-Barre,United States of America
WCR,Chandalar Lake,United States of America
WDG,Enid,United States of America
WDN,Eastsound,United States of America
WDR,Winder,United States of America
WEA,Weatherford,United States of America
WFK,Frenchville,United States of America
WGO,Winchester,United States of America
WHP,Pacoima,United States of America
WHT,Wharton,United States of America
WIB,Vernon,United States of America
WJF,Lancaster,United States of America
WKK,Aleknagik,United States of America
WLD,Winfield / Arkansas City,United States of America
WLK,Selawik,United States of America
WLW,Willows,United States of America
WMC,Winnemucca,United States of America
WMH,Mountain Home,United States of America
WMO,White Mountain,United States of America
WNA,Napakiak,United States of America
WOW,Willow,United States of America
WPO,Paonia,United States of America
WRB,Warner Robins,United States of America
WRG,Wrangell,United States of America
WRI,Wrightstown,United States of America
WRL,Worland,United States of America
WSG,Washington,United States of America
WSH,Shirley,United States of America
WSM,Wiseman,United States of America
WSN,South Naknek,United States of America
WST,Westerly,United States of America
WTK,Noatak,United States of America
WTL,Tuntutuliak,United States of America
WTR,Whiteriver,United States of America
WVI,Watsonville,United States of America
WVL,Waterville,United States of America
WWA,Wasilla,United States of America
WWD,Wildwood,United States of America
WWR,Woodward,United States of America
WWT,Mertarvik,United States of America
WYS,West Yellowstone,United States of America
XES,Lake Geneva,United States of America
XMD,Madison,United States of America
XNA,Fayetteville/Springdale/Rogers,United States of America
XPR,Pine Ridge,United States of America
XSD,Tonopah,United States of America
XWA,Williston,United States of America
YAK,Yakutat,United States of America
YIP,Detroit,United States of America
YKM,Yakima,United States of America
YKN,Yankton,United States of America
YNG,Youngstown/Warren,United States of America
YUM,Yuma,United States of America
ZNC,Nyac,United States of America
ZPH,Zephyrhills,United States of America
ZZV,Zanesville,United States of America
